id_produit,nom_produit,description,prix_unitaire,stock
16,Le pouvoir de louer en toute tranquilité,Résultat hier trou éviter nouveau chez. Médecin digne marche paupière.,19238.52,18
17,La possibilité d'avancer plus facilement,Vif revoir moyen lui. Promettre consentir conseil.,49502.33,86
18,Le pouvoir d'innover à la pointe,Noir parole l'un tellement répondre liberté lever. Haute époque indiquer plante surtout.,26149.33,95
19,Le plaisir de louer avant-tout,Boire sous voir. Devenir travailler personne détacher révéler plante oncle vent.,38115.59,86
20,Le pouvoir de concrétiser vos projets en toute tranquilité,Désirer pluie succès musique malade essuyer condamner empire. Fixe brusquement sou.,32162.84,65
21,L'art de changer à l'état pur,Tour réponse aussi paysage. Vide soirée quoi haïr ce que.,16455.16,13
22,L'art de concrétiser vos projets à l'état pur,Heure peu corde.,48703.72,19
23,L'avantage d'avancer plus rapidement,Garde sou morceau naissance projet cesse charge. Couche compter réveiller faire froid.,6651.38,68
24,L'avantage de concrétiser vos projets naturellement,Saison chanter public non. Tout confondre réclamer nul maître résoudre fenêtre.,29249.75,92
25,La liberté de rouler de manière sûre,Fil midi éclat bout journée vieux.,46258.17,46
26,Le confort de rouler à l'état pur,Terrain haute plonger queue métier. Capable étranger changer proposer résultat.,46860.07,88
27,La possibilité d'innover sans soucis,Étaler silence sentiment assez. Acte justice presque examiner arracher cuisine ruine éloigner.,6819.96,60
28,Le confort de rouler plus facilement,Mais personnage malade général. Début manger prononcer environ surveiller.,7948.41,80
29,Le pouvoir d'innover plus facilement,Répéter terreur pendant emmener entrée vol. Je geste huit nous. Dominer semblable occuper terme.,13770.97,48
30,L'avantage d'avancer de manière efficace,Commun bruit journée tempête. Saison autant saisir ressembler.,9343.78,23
